{"cameraMode":{"drawMode":0,"name":"Shaded","section":"Shading Mode"},"sceneLighting":false,"audioPlay":false,"sceneViewState":{"m_AlwaysRefresh":false,"showFog":true,"showSkybox":false,"showFlares":true,"showImageEffects":true,"showParticleSystems":true,"showVisualEffectGraphs":true,"m_FxEnabled":true},"in2DMode":false,"pivot":{"x":445.98931884765627,"y":18.60375213623047,"z":564.0221557617188},"rotation":{"x":-0.0016536794137209654,"y":-0.6173635721206665,"z":0.0012905203038826585,"w":-0.7866960763931274},"size":2.5319762229919435,"orthographic":true}