{"cameraMode":{"drawMode":0,"name":"Shaded","section":"Shading Mode"},"sceneLighting":false,"audioPlay":false,"sceneViewState":{"m_AlwaysRefresh":false,"showFog":true,"showSkybox":false,"showFlares":true,"showImageEffects":true,"showParticleSystems":true,"showVisualEffectGraphs":true,"m_FxEnabled":true},"in2DMode":false,"pivot":{"x":142.31930541992188,"y":45.82899856567383,"z":-155.15728759765626},"rotation":{"x":0.11526282876729965,"y":0.3579183518886566,"z":-0.04457375034689903,"w":0.9255388379096985},"size":1.7985097169876099,"orthographic":false}