{"cameraMode":{"drawMode":0,"name":"Shaded","section":"Shading Mode"},"sceneLighting":true,"audioPlay":false,"sceneViewState":{"m_AlwaysRefresh":false,"showFog":true,"showSkybox":true,"showFlares":true,"showImageEffects":true,"showParticleSystems":true,"showVisualEffectGraphs":true,"m_FxEnabled":true},"in2DMode":false,"pivot":{"x":-509.1130065917969,"y":-30.5081729888916,"z":10.005913734436036},"rotation":{"x":-0.30180656909942629,"y":-0.009415446780622006,"z":0.002976818475872278,"w":-0.9533334970474243},"size":1.7048420906066895,"orthographic":false}